mes_numero,promedio_afluencia_total_diaria
1,3843651.9096774193
2,4122280.3466981133
3,4012611.276785714
4,4002967.869230769
5,4148121.6972704716
6,4095727.3743589744
7,3933350.3498759307
8,4257770.23573201
9,4082094.8871794874
10,4355954.627791563
11,4295214.853846154
12,4032011.094292804
